Datetime,Water Level (m)
2025-03-07 12:00:00,-0.39162108
2025-03-07 13:00:00,-0.18498999
2025-03-07 14:00:00,0.086381294
2025-03-07 15:00:00,0.37070912
2025-03-07 16:00:00,0.5076186
2025-03-07 17:00:00,0.55318135
2025-03-07 18:00:00,0.46186092
2025-03-07 19:00:00,0.2390464
2025-03-07 20:00:00,-0.00059844804
2025-03-07 21:00:00,-0.23040761
2025-03-07 22:00:00,-0.40767664
2025-03-07 23:00:00,-0.53686297
2025-03-08 00:00:00,-0.6237102
2025-03-08 01:00:00,-0.62727875
2025-03-08 02:00:00,-0.47222316
2025-03-08 03:00:00,-0.2959929
2025-03-08 04:00:00,-0.10421939
2025-03-08 05:00:00,0.045884833
2025-03-08 06:00:00,0.06662093
2025-03-08 07:00:00,-0.009326472
2025-03-08 08:00:00,-0.14933473
2025-03-08 09:00:00,-0.31274536
2025-03-08 10:00:00,-0.45657322
2025-03-08 11:00:00,-0.57789195
2025-03-08 12:00:00,-0.66227156
2025-03-08 13:00:00,-0.6526389
2025-03-08 14:00:00,-0.41850546
2025-03-08 15:00:00,-0.16203003
2025-03-08 16:00:00,0.12866943
2025-03-08 17:00:00,0.41595468
2025-03-08 18:00:00,0.5410524
2025-03-08 19:00:00,0.54247516
2025-03-08 20:00:00,0.38861206
2025-03-08 21:00:00,0.16074607
2025-03-08 22:00:00,-0.07315043
2025-03-08 23:00:00,-0.28941983
2025-03-09 00:00:00,-0.44552097
2025-03-09 01:00:00,-0.5718995
2025-03-09 02:00:00,-0.6715018
2025-03-09 03:00:00,-0.7136301
2025-03-09 04:00:00,-0.5755962
2025-03-09 05:00:00,-0.32401434
2025-03-09 06:00:00,-0.10465681
2025-03-09 07:00:00,0.11369528
2025-03-09 08:00:00,0.15982287
2025-03-09 09:00:00,0.057818975
2025-03-09 10:00:00,-0.12823986
2025-03-09 11:00:00,-0.3214449
2025-03-09 12:00:00,-0.4815625
2025-03-09 13:00:00,-0.6052449
2025-03-09 14:00:00,-0.68301255
2025-03-09 15:00:00,-0.60620105
2025-03-09 16:00:00,-0.33742964
2025-03-09 17:00:00,-0.084458776
2025-03-09 18:00:00,0.25474608
2025-03-09 19:00:00,0.49298552
2025-03-09 20:00:00,0.5590831
2025-03-09 21:00:00,0.46483874
2025-03-09 22:00:00,0.23240665
2025-03-09 23:00:00,-0.008444162
2025-03-10 00:00:00,-0.2495605
2025-03-10 01:00:00,-0.4352517
2025-03-10 02:00:00,-0.5827351
2025-03-10 03:00:00,-0.7041443
2025-03-10 04:00:00,-0.77790326
2025-03-10 05:00:00,-0.6291365
2025-03-10 06:00:00,-0.31935832
2025-03-10 07:00:00,-0.07906013
2025-03-10 08:00:00,0.20371437
2025-03-10 09:00:00,0.25886524
2025-03-10 10:00:00,0.13038072
2025-03-10 11:00:00,-0.07447191
2025-03-10 12:00:00,-0.2870385
2025-03-10 13:00:00,-0.4698847
2025-03-10 14:00:00,-0.61190695
2025-03-10 15:00:00,-0.718298
2025-03-10 16:00:00,-0.69249946
2025-03-10 17:00:00,-0.36231446
2025-03-10 18:00:00,-0.07860853
2025-03-10 19:00:00,0.28370398
2025-03-10 20:00:00,0.5652401
2025-03-10 21:00:00,0.6195179
2025-03-10 22:00:00,0.49535862
2025-03-10 23:00:00,0.24539815
2025-03-11 00:00:00,-0.0031742817
2025-03-11 01:00:00,-0.25476372
2025-03-11 02:00:00,-0.4425808
2025-03-11 03:00:00,-0.59036446
2025-03-11 04:00:00,-0.71313184
2025-03-11 05:00:00,-0.7519876
2025-03-11 06:00:00,-0.42607123
2025-03-11 07:00:00,-0.11429079
2025-03-11 08:00:00,0.19466387
2025-03-11 09:00:00,0.44793493
2025-03-11 10:00:00,0.42517534
2025-03-11 11:00:00,0.22951698
2025-03-11 12:00:00,-0.0010320118
2025-03-11 13:00:00,-0.23691668
2025-03-11 14:00:00,-0.4372184
2025-03-11 15:00:00,-0.58572716
2025-03-11 16:00:00,-0.6905941
2025-03-11 17:00:00,-0.60106474
2025-03-11 18:00:00,-0.21128479
2025-03-11 19:00:00,0.10897927
2025-03-11 20:00:00,0.53347605
2025-03-11 21:00:00,0.75645953
2025-03-11 22:00:00,0.7672508
2025-03-11 23:00:00,0.5716522
2025-03-12 00:00:00,0.28925604
2025-03-12 01:00:00,0.020007277
2025-03-12 02:00:00,-0.23713814
2025-03-12 03:00:00,-0.42266604
2025-03-12 04:00:00,-0.5669915
2025-03-12 05:00:00,-0.67612714
2025-03-12 06:00:00,-0.54447013
2025-03-12 07:00:00,-0.09515593
2025-03-12 08:00:00,0.21870391
2025-03-12 09:00:00,0.6068993
2025-03-12 10:00:00,0.7095721
2025-03-12 11:00:00,0.59982455
2025-03-12 12:00:00,0.34273437
2025-03-12 13:00:00,0.091854036
2025-03-12 14:00:00,-0.16782881
2025-03-12 15:00:00,-0.36652336
2025-03-12 16:00:00,-0.5054013
2025-03-12 17:00:00,-0.5779717
2025-03-12 18:00:00,-0.28784853
2025-03-12 19:00:00,0.10490685
2025-03-12 20:00:00,0.5037271
2025-03-12 21:00:00,0.89947957
2025-03-12 22:00:00,0.99964434
2025-03-12 23:00:00,0.9008406
2025-03-13 00:00:00,0.60508114
2025-03-13 01:00:00,0.3239228
2025-03-13 02:00:00,0.037109982
2025-03-13 03:00:00,-0.19621412
2025-03-13 04:00:00,-0.3626745
2025-03-13 05:00:00,-0.4981999
2025-03-13 06:00:00,-0.52884436
2025-03-13 07:00:00,-0.08855624
2025-03-13 08:00:00,0.27164784
2025-03-13 09:00:00,0.67816454
2025-03-13 10:00:00,0.9143407
2025-03-13 11:00:00,0.88756377
2025-03-13 12:00:00,0.66315883
